Position, Company, Location, URL 
Jr. Python Developer, Tech Monarchy, Remote, https://www.indeed.com/company/Tech-Monarchy/jobs/Junior-Python-Developer-51ae53a7e85cfe34?fccid=fecd0d07b28de95b&vjs=3 
Python Software Engineering Teaching Assistant, Strategic Education  Inc., Remote, https://www.indeed.com/rc/clk?jk=adc65897cffe4ebc&fccid=aca27ed9e11b6007&vjs=3 
Machine Learning Apprentice, Hinge Health, Remote in Montreal  WI, https://www.indeed.com/rc/clk?jk=ee6da0ec51f363bc&fccid=ec798be206d0335c&vjs=3 
Senior Python Developer, Virtualan Software LLC, Remote, https://www.indeed.com/company/Virtualan-Software/jobs/Senior-Python-Developer-66d7d93d09a987cf?fccid=2bf855e4c8e35310&vjs=3 
Threat Analyst  Adult Nudity & Sexual Activity (ANSA), TikTok, Everywhere, https://www.indeed.com/rc/clk?jk=ea93db9c80d0046c&fccid=caed318a9335aac0&vjs=3 
Python Developer, Infinity Quest, Everywhere, https://www.indeed.com/company/Infinity-Quest/jobs/Python-Developer-ffbb1a93709d5f07?fccid=8a1252dc7db432f1&vjs=3 
Python Developer, Acunor, Remote, https://www.indeed.com/company/Acunor-Infotech-LLC/jobs/Python-Developer-bcef535a0b24272c?fccid=f521a2fde61a6b30&vjs=3 
Python Developer / Hybrid Mode, Vedainfo, Everywhere, https://www.indeed.com/company/Vedainfo/jobs/Python-Developer-78cb69747ccde916?fccid=c96a8c05b2b5985e&vjs=3 
Technical Operations Specialist, Spotify, Remote in New York  NY, https://www.indeed.com/rc/clk?jk=1632b7928e59cd77&fccid=fe404d18bb9eef1e&vjs=3 
Python and Airflow Developer, Capgemini, Everywhere, https://www.indeed.com/rc/clk?jk=44e20900df0e9bfa&fccid=105ecfd0283f415f&vjs=3 
WLAN Testing, Zodiac Solutions, Holtsville  NY, https://www.indeed.com/company/Zodiac-Solutions/jobs/Wlan-Testing-94ba38ca3573b5db?fccid=a473dfccf06f8aae&vjs=3 
Python Developer, Softnice Inc., Everywhere, https://www.indeed.com/company/Softnice-Inc/jobs/Python-Developer-67c588c203f915f4?fccid=ca42bdfbe29c97c0&vjs=3 
Python Developer, Block1IT Services, Remote, https://www.indeed.com/company/Block1IT-Services/jobs/Python-Developer-407eeea2fa79b14d?fccid=2c776713ad0a4ec8&vjs=3 
Remote Python Developer Training and Placement, precision technologies corp, Remote, https://www.indeed.com/company/Precision-Technologies-Corp/jobs/Python-Developer-Training-Placement-bf261e198c7c5ed4?fccid=59ee6698a7dcef43&vjs=3 
WLAN Testing, Tech Brothers Infoservices, Holtsville  NY 11742, https://www.indeed.com/company/Tech-Brothers-Infoservices/jobs/Wlan-Testing-72e3ebe4474c0007?fccid=065b7648f14c8a82&vjs=3 
Python/R Data Analyst (100% Remote), General Dynamics Information Technology, Remote, https://www.indeed.com/rc/clk?jk=d6dd90dff9b75e52&fccid=11caadcdc98800d4&vjs=3 
Python Developer, fluxtek solutions inc, Everywhere, https://www.indeed.com/company/Fluxtek-Solutions-Inc/jobs/Python-Developer-5b83590a89e7cc42?fccid=677689164f8bbcd8&vjs=3 
Data Scientist or Bioinformatician (remote), UT Southwestern Medical Center, Everywhere, https://www.indeed.com/company/UT-Southwestern-Medical-Center/jobs/Data-Scientist-or-Bioinformatician-09b87dd9e818782d?fccid=245cecf5f0560d8c&vjs=3 
Entry Level - Associate Developer (Commercial): Back End, IBM, Everywhere, https://www.indeed.com/rc/clk?jk=e1f3a93e828e0073&fccid=de71a49b535e21cb&vjs=3 
Backend Python Developer, Realign LLC, Remote in California, https://www.indeed.com/rc/clk?jk=f32e8d4427d57519&fccid=3f20b9848b31e1a9&vjs=3 
Cybersecurity Operations Analyst, WW International, Remote, https://www.indeed.com/rc/clk?jk=83799738d63d6fc4&fccid=dd616958bd9ddc12&vjs=3 
Cybersecurity Engineer - Network Security (Remote), Home Depot / THD, Remote in Atlanta  GA 30301, https://www.indeed.com/rc/clk?jk=22506ee5b6bdeff4&fccid=82e58e9861d48566&vjs=3 
Associate Developer (REMOTE), Amazon, Everywhere, https://www.indeed.com/company/Amazon.com/jobs/Associate-Developer-c8c6608989704b35?fccid=fe2d21eef233e94a&vjs=3 
Data Analyst - Tiktok Ads, TikTok, Everywhere, https://www.indeed.com/rc/clk?jk=ea2bf81d89f746f0&fccid=caed318a9335aac0&vjs=3 
QA Test Engineer, Cirrus Data Solutions Inc., Remote in Syosset  NY 11791, https://www.indeed.com/rc/clk?jk=12f967bdf7843404&fccid=8d924266e089494c&vjs=3 
Python Software Engineering Teaching Assistant (Part-Time), Capella University, Remote, https://www.indeed.com/rc/clk?jk=1ea93cb858632652&fccid=a0b8910f4e156a97&vjs=3 
Software Engineer  University Graduate (Backend  iOS  Androi..., TikTok, Everywhere, https://www.indeed.com/rc/clk?jk=3f801001b0cbb656&fccid=caed318a9335aac0&vjs=3 
Entry level Python Developer, Emonics LLC, Everywhere, https://www.indeed.com/company/Emonics/jobs/Entry-Level-Python-Developer-588a14b0d085acab?fccid=b3b4a6a45c149841&vjs=3 
Python Developer with Wireless, Laiba Technologies, Remote, https://www.indeed.com/company/Laiba-Technologies/jobs/Python-Developer-Wireless-21ffac11c288ba15?fccid=003a641d5a8d47f2&vjs=3 
CYBERSECURITY ANALYST (Remote), Home Depot / THD, Everywhere, https://www.indeed.com/rc/clk?jk=c4e438d75f7b413f&fccid=82e58e9861d48566&vjs=3 
Data Mentor (Part-time), Pathrise, Remote, https://www.indeed.com/rc/clk?jk=1ca4abef538dab27&fccid=ae6e171391e978d5&vjs=3 
QA Engineer (Remote), Apploi Corp, Remote in New York  NY 10018, https://www.indeed.com/rc/clk?jk=4d8784d00eca166e&fccid=3a4dfa7497d02ff2&vjs=3 
Python Specialist (Junior), Nfinity LLC, Remote, https://www.indeed.com/company/NFinity-LLC/jobs/Python-Specialist-7b96d9e3bd58c936?fccid=5d751c7acddaafc5&vjs=3 
Entry Level Data Analyst, Antra  Inc, Remote, https://www.indeed.com/company/Antra,-Inc/jobs/Entry-Level-Data-Analyst-65edb68265116e3d?fccid=550311fe7e2165d9&vjs=3 
Staff Security Engineer, Workiva, Remote in Ames  IA 50010, https://www.indeed.com/rc/clk?jk=6dc0dd9ecdc14dc3&fccid=c74820549fd8456b&vjs=3 
Front-End Engineer – 2023 (US), Amazon.com Services LLC, Everywhere, https://www.indeed.com/rc/clk?jk=76cb466f3b4b0c0d&fccid=fe2d21eef233e94a&vjs=3 
Scheduling Analyst  Ring Customer Support, Amazon.com Services LLC, Remote, https://www.indeed.com/rc/clk?jk=f93b135fd2a197cd&fccid=fe2d21eef233e94a&vjs=3 
Data Analyst (Remote), pulseData, Remote in New York  NY, https://www.indeed.com/rc/clk?jk=20d3e043ea23ef18&fccid=2c23f29fcd5c78da&vjs=3 
Python Development Instructor, Panoptic Media Solutions, Remote, https://www.indeed.com/company/Panoptic-Media-Solutions/jobs/Python-Development-Instructor-b3cbc26b54fadc7e?fccid=9dd88c805f0b5151&vjs=3 
Python Developer, Nte, Remote, https://www.indeed.com/company/NTE/jobs/Python-Developer-7d0254d04ad0fa3a?fccid=6fae3f73954cc4c5&vjs=3 
Applied Scientist, Microsoft, Bellevue  WA, https://www.indeed.com/rc/clk?jk=a1bb3a84119bf7f0&fccid=734cb5a01ee60f80&vjs=3 
Customer Support Specialist (DACH), dbt Labs, Remote, https://www.indeed.com/rc/clk?jk=c39be41f689e85a8&fccid=cd21fdfdf779d657&vjs=3 
Python Software Developer, Iteris  Inc, Remote, https://www.indeed.com/company/Iteris,-Inc/jobs/Python-Software-Developer-3e8ab283f8c8b8cc?fccid=b3f2518a1ad6ce93&vjs=3 
Remote Senior Python Developer, FriendFinder Networks, Remote, https://www.indeed.com/company/FriendFinder-Networks/jobs/Senior-Python-Developer-13520cb1f2525410?fccid=702c7d72f9a9a730&vjs=3 
Python Project Developer, Gibson Reports, Remote in San Marcos  TX, https://www.indeed.com/company/FitBodyLabs/jobs/Python-Project-Developer-98dff2ccf658a4dd?fccid=1e0ca5004030ce96&vjs=3 
Python Developer, Octopus Energy, Everywhere, https://www.indeed.com/rc/clk?jk=e234d74298529003&fccid=94f2a41501d80d3d&vjs=3 
Django-Python Developer, IBL Education, Remote, https://www.indeed.com/company/IBL-Education/jobs/Django-Python-Developer-08bf1d4eceec4bb7?fccid=fb6c5da7e6ad688a&vjs=3 
Entry Level Software Developer, Genspark, Temporarily Remote in Raleigh  NC 27610, https://www.indeed.com/company/Genspark/jobs/Entry-Level-Software-Developer-82c9877ad8ca564f?fccid=8217f8a69d748917&vjs=3 
Training and Placement for Python Developer, Precision Technologies Corp, Remote in New York  NY 10001, https://www.indeed.com/company/Precision-technologies/jobs/Training-Placement-Python-Developer-4f2b5f38adb2e7df?fccid=50063d5eca82e2b2&vjs=3 
Sr. Python Developer - 100% Remote - GC or USC, ValueTEK Inc, Remote, https://www.indeed.com/company/ValueTek/jobs/Senior-Python-Developer-92d8a449195fd534?fccid=df6a7e4d75cf05a8&vjs=3 
Computational Scientist, Idaho National Laboratory, Idaho Falls  ID, https://www.indeed.com/rc/clk?jk=ae492bbe88c789a2&fccid=9c34e763def40969&vjs=3 
Python Developer, Veridain Tech Solution, Remote, https://www.indeed.com/company/Veridain-Tech-Solution/jobs/Python-Developer-fb55a4078d445ef4?fccid=7b363b1e248c0fb7&vjs=3 
Python Developer_ W2 only, ANB Sourcing LLC, Remote, https://www.indeed.com/company/ANB-Sourcing-LLC/jobs/Python-Developer-W2-Only-bce05150d8366929?fccid=455a18115bbbf4b9&vjs=3 
Python Developer., Rosalind IT Services, Everywhere, https://www.indeed.com/company/Rosalind-IT-Services/jobs/Python-Developer-8f5146ad7c999d43?fccid=c6ff5e30a8f51ce4&vjs=3 
Python/AWS role || REMOTE || Contract Role, Valsatech Corp, Remote, https://www.indeed.com/company/Valsatech-Corp/jobs/Python-Aws-Role-Contract-Role-bcafba4c6f031a66?fccid=e20d8b8ce46b3390&vjs=3 
Quality Assurance Tester, Convexity Scientific Inc, Remote in New Haven  CT 06511, https://www.indeed.com/rc/clk?jk=86851eb5863cd9e1&fccid=8da4673762e32dda&vjs=3 
Python / DevOps Engineer, Realign LLC, Remote in New York  NY, https://www.indeed.com/rc/clk?jk=a983bb3a30514f0e&fccid=3f20b9848b31e1a9&vjs=3 
Software Engineer - Apprentice, wepay, Everywhere, https://www.indeed.com/rc/clk?jk=4d532361313682c1&fccid=62ed771460d18f9d&vjs=3 
Software Engineer - Multiple Openings & Levels, The Walt Disney Company (Corporate), Everywhere, https://www.indeed.com/rc/clk?jk=a85a0c0df48b584d&fccid=4ed80f3a97849f22&vjs=3 
Python Developer, Paktolus, Remote, https://www.indeed.com/rc/clk?jk=df1cce3cc988f374&fccid=3095e1b2ada9dd27&vjs=3 
Automation Test Engineer with Python experience, CloudPoint Systems inc., Remote, https://www.indeed.com/company/CloudPoint-Systems-inc./jobs/Automation-Test-Engineer-Python-Experience-e234d03f07fa53b3?fccid=dfd078dc553f2029&vjs=3 
Broadcast Associate, CBS News, Everywhere, https://www.indeed.com/rc/clk?jk=26d6e99238c7d317&fccid=9a3c3f5c019b5d02&vjs=3 
Research Manager, Patagonia  Inc, Remote, https://www.indeed.com/rc/clk?jk=4ea9af1cdf21a398&fccid=69f06fb8b3355907&vjs=3 
Lead Data Scientist ( Python   Modeling ) - Remote, CVS Health, Everywhere, https://www.indeed.com/rc/clk?jk=24871d890816c722&fccid=be3b11aa573faee7&vjs=3 
Bioinformatics Analyst (R  Python RNAseq NGS) Entry level, Tellus Solutions, Everywhere, https://www.indeed.com/company/Tellus-Solutions/jobs/Bioinformatic-Analyst-Entry-Level-513de47ddd734135?fccid=def1eacd3dd4aba0&vjs=3 
Python Full Stack Developer, i3 Patterns Inc, Remote, https://www.indeed.com/company/i3-Patterns-Inc/jobs/Python-Full-Stack-Developer-d8ec2182c1244560?fccid=b3b4756e095b1a6e&vjs=3 
Customer Operations  Product Specialist, Pinterest, Remote, https://www.indeed.com/rc/clk?jk=92c0c6df29f41547&fccid=43014b1412e0a7b6&vjs=3 
job python developer, CODERS BRAIN TECHNOLOGY PRIVATE LIMITED, Remote, https://www.indeed.com/company/CODERS-BRAIN-TECHNOLOGY-PRIVATE-LIMITED/jobs/Python-Developer-a6ace64ba2ce28af?fccid=98b62fbc127037a0&vjs=3 
Python Developer, Adroiti Technologies, Remote in Marina del Rey  CA, https://www.indeed.com/rc/clk?jk=3b08cf4aa11ba2d0&fccid=a920ea1d79127aa0&vjs=3 
Python Programmer, University of Texas at Austin, Everywhere, https://www.indeed.com/rc/clk?jk=c6420cfe0f36d8c1&fccid=f7282ad3490137c7&vjs=3 
Sr. Associate  Business Operations & Strategy, Pinterest, Remote, https://www.indeed.com/rc/clk?jk=552d2a19478f7c71&fccid=43014b1412e0a7b6&vjs=3 
Backend engineer - data ingestion (Python  remote), Gridium Inc., Remote, https://www.indeed.com/company/Gridium-Inc./jobs/Backend-Engineer-cfcf6c6934c86ab1?fccid=a9cbb0d49d51c4fa&vjs=3 
Apprentice Systems Tech, Facebook App, Everywhere, https://www.indeed.com/rc/clk?jk=eb6b0e6cfc5a74e6&fccid=ba07516c418dda52&vjs=3 
Software Engineer  Safety (Backend), Discord, Everywhere, https://www.indeed.com/rc/clk?jk=b272a992e826d3ca&fccid=f2ab4689def17626&vjs=3 
Python Developer [Job ID 20220907], Phoenix Cyber, Remote, https://www.indeed.com/rc/clk?jk=ed731e5efa38b2ff&fccid=dd616958bd9ddc12&vjs=3 
Senior Open Source Developer & DevOps (Python  Django  React  AWS/OpenStack), OpenCraft, Anywhere in the World, https://weworkremotely.com/remote-jobs/opencraft-senior-open-source-developer-devops-python-django-react-aws-openstack 
(Senior) Python Full Stack Software Developer, Optimile, Europe Only, https://weworkremotely.com/remote-jobs/optimile-senior-python-full-stack-software-developer 
Python / PHP Senior Developer for Ambitious Startup, Soundsnap/ Beatopia, Europe Only, https://weworkremotely.com/remote-jobs/soundsnap-beatopia-python-php-senior-developer-for-ambitious-startup 
Python Developer, Lemon.io, Latin America Only/Europe Only, https://weworkremotely.com/remote-jobs/lemon-io-python-developer-1 
Senior Software Engineer  Python, AssemblyAI (YC 17), Anywhere in the World, https://weworkremotely.com/remote-jobs/assemblyai-yc-17-senior-software-engineer-python 
Senior Python Developer - Full Remote , Ebury, Latin America Only/Europe Only, https://weworkremotely.com/remote-jobs/ebury-senior-python-developer-full-remote-1 
Python Developer - Remote, UpStack Technologies  Inc., Americas Only/Europe Only, https://weworkremotely.com/remote-jobs/upstack-technologies-inc-python-developer-remote 
Senior Backend Engineer (Python), TestGorilla, Anywhere in the World, https://weworkremotely.com/remote-jobs/testgorilla-senior-backend-engineer-python-7 
Backend Engineer (Python), TestGorilla, Anywhere in the World, https://weworkremotely.com/remote-jobs/testgorilla-backend-engineer-python-6 
Backend Engineer - Integrations (Python), Cerity Partners LLC, USA Only, https://weworkremotely.com/remote-jobs/cerity-partners-llc-backend-engineer-integrations-python 
Senior Back End Developer (Python) - [Remote], EventMobi, Anywhere in the World, https://weworkremotely.com/remote-jobs/eventmobi-senior-back-end-developer-python-remote 
Python Platform Engineer, Doximity, Americas Only, https://weworkremotely.com/remote-jobs/doximity-python-platform-engineer 
Backend engineer - data ingestion (Python  remote), Gridium, None, https://weworkremotely.com/listings/gridium-backend-engineer-data-ingestion-python-remote-1 
Software Development Engineer in Test – Python – Cyprus  Greece or Remote , XM, Anywhere in the World, https://weworkremotely.com/remote-jobs/xm-software-development-engineer-in-test-python-cyprus-greece-or-remote-1 
Senior QA Software Test Automation Engineer – Python – Cyprus  Greece  Remote , XM, Anywhere in the World, https://weworkremotely.com/remote-jobs/xm-senior-qa-software-test-automation-engineer-python-cyprus-greece-remote-1 
